stop_name,stop_id,shu
大甲（交通局）,TRD_036,C
日南,TRD_035,C
清水,TRD_038,C
甲南,TRD_037,C
后里（交通局）,TRD_051,C
大安,TRD_050,C
豐原（交通局）,TRD_052,C
沙鹿,TRD_039,C
龍井,TRD_040,C
潭子,TRD_053,C
彰化（交通局）,TRD_057,C
大肚,TRD_041,C
追分,TRD_042,C
王田,TRD_056,C
烏日,TRD_055,C
臺中（交通局）,TRD_054,C
員林（交通局）,TRD_059,C
唭里岸,TRD_130,A
士林,TRD_129,A
七堵,TRD_003,A
八堵,TRD_002,A
暖暖,TRD_087,A
基隆,TRD_001,A
宮ノ下,TRD_128,A
圓山,TRD_127,A
雙連,TRD_126,A
大正街,TRD_125,A
臺北,TRD_008,A
南港,TRD_006,A
松山,TRD_007,A
板橋,TRD_010,A
萬華,TRD_009,A
竹北,TRD_022,B
楊梅,TRD_018,B
外澳,TRD_099,A
頭圍,TRD_100,A
香山,TRD_024,B
新竹,TRD_023,B
四結,TRD_102,A
礁溪,TRD_101,A
竹南,TRD_026,B
羅東,TRD_105,A
二結,TRD_104,A
公司寮,TRD_030,B
後龍,TRD_029,B
大山脚,TRD_028,B
北勢（交通局）,TRD_044,B
造橋,TRD_043,B
淡文湖,TRD_027,B
冬山,TRD_106,A
新城（交通局）,TRD_107,A
蘇澳（交通局）,TRD_108,A
白沙屯,TRD_031,B
新埔,TRD_032,B
苗栗,TRD_045,B
南勢,TRD_046,B
通霄,TRD_033,B
苑裡,TRD_034,B
銅鑼,TRD_047,B
三叉,TRD_048,B
淡水,TRD_133,A
新北投,TRD_124,A
北投,TRD_123,A
江頭,TRD_131,A
平鎮,TRD_017,B
中壢,TRD_016,B
崁子脚,TRD_015,B
桃園,TRD_014,B
鶯歌,TRD_013,A
山子脚,TRD_012,A
樹林,TRD_011,A
大里,TRD_096,A
大溪,TRD_097,A
田中（交通局）,TRD_061,C
社頭,TRD_060,C
林內,TRD_063,D
斗南（交通局）,TRD_065,D
斗六（交通局）,TRD_064,D
大林（交通局）,TRD_066,D
民雄,TRD_067,D
嘉義（交通局）,TRD_068,D
後壁,TRD_070,D
水上（交通局）,TRD_069,D
新營（交通局）,TRD_071,D
林鳳營,TRD_072,D
番子田（交通局）,TRD_073,D
善化,TRD_074,D
永康,TRD_076,D
新市,TRD_075,D
車路墘,TRD_078,D
臺南,TRD_077,D
大湖,TRD_080,E
中洲（交通局）,TRD_079,D
路竹,TRD_081,E
橋子頭,TRD_083,E
岡山,TRD_082,E
楠梓,TRD_084,E
舊城,TRD_085,E
高雄,TRD_086,E
屏東（交通局）,TRD_114,E
六塊厝,TRD_113,E
鳳山（交通局）,TRD_110,E
後庄,TRD_111,E
九曲堂（交通局）,TRD_112,E
竹田,TRD_116,E
潮州（交通局）,TRD_117,E
溪州（交通局）,TRD_118,E
西勢,TRD_115,E
二水,TRD_062,C
花壇,TRD_058,C
宜蘭,TRD_103,A
汐止,TRD_005,A
北臺北,TRD_203,A
新起町,TRD_202,A
江子翠,TRD_201,A
浮洲,TRD_200,A
五堵,TRD_004,A
北五堵,TRD_204,A
伯公岡,TRD_019,B
三湖,TRD_211,B
湖口,TRD_020,B
波羅汶,TRD_210,B
山崎,TRD_021,B
斗崙,TRD_209,B
香山坑,TRD_208,B
內湖,TRD_207,B
崎頂,TRD_025,B
山寮,TRD_206,B
尖山,TRD_205,B
十六份,TRD_049,B
老松町,TRD_212,C
學田,TRD_213,C
遊園地前,TRD_214,C
大村,TRD_216,C
永靖,TRD_215,C
東門町,TRD_219,D
試驗所前,TRD_218,D
三塊厝（交通局）,TRD_109,E
山下町,TRD_217,E
四脚亭,TRD_088,A
瑞芳,TRD_089,A
猴硐,TRD_090,A
三貂嶺,TRD_091,A
武丹坑,TRD_092,A
頂雙溪,TRD_093,A
貢寮庄,TRD_094,A
澳底,TRD_095,A
龜山,TRD_098,A
十分寮,TRD_119,A
嶺脚寮,TRD_120,A
石底,TRD_121,A
菁桐坑,TRD_122,A
鼻仔頭,TRD_134,C
濁水（交通局）,TRD_135,C
隘寮,TRD_136,C
集集,TRD_137,C
水裡坑,TRD_138,C
外車埕,TRD_139,C
竹圍（交通局）,TRD_132,A
花蓮港（交通局）,TRD_300,G
田浦,TRD_301,G
吉野,TRD_302,G
初音,TRD_303,G
賀田,TRD_304,G
壽,TRD_306,G
豐田,TRD_307,G
溪口（交通局）,TRD_308,G
平林,TRD_309,G
林田,TRD_310,G
鳳林,TRD_311,G
萬里橋,TRD_312,G
上大和,TRD_313,G
大和,TRD_314,G
白川,TRD_315,G
瑞穗,TRD_316,G
三笠,TRD_317,G
末廣,TRD_318,G
玉里,TRD_319,G
安通,TRD_320,G
東部大里,TRD_321,G
東部竹田,TRD_322,G
富里,TRD_323,G
池上,TRD_324,F
新武呂,TRD_325,F
關山,TRD_326,F
月野,TRD_327,F
大原,TRD_329,F
大埔（交通局）,TRD_328,F
鹿野,TRD_330,F
稻葉,TRD_331,F
初鹿,TRD_332,F
馬蘭,TRD_334,F
臺東（交通局）,TRD_335,F
日奈敷,TRD_333,F
蘇澳（東海バス）,TKB_001,A
花蓮港（東海バス）,TKB_005,G
新城（東海バス）,TKB_004,G
タロコ口,TKB_003,G
南澳,TKB_002,A
潮州（南廻バス）,TTB_002,E
臺東（南廻バス）,TTB_001,F
嘉義（營林所）,TFO_017,D
北門,TFO_015,D
榮町,TFO_016,D
盧厝,TFO_014,D
灣橋,TFO_012,D
崎下,TFO_013,D
朴子埔,TFO_011,D
鹿麻產,TFO_010,D
竹崎,TFO_008,D
新竹崎,TFO_009,D
交力坪,TFO_007,D
奮起湖,TFO_006,D
十字路,TFO_005,D
二萬平,TFO_004,D
阿里山,TFO_003,D
兒玉,TFO_002,C
新高口,TFO_001,C
洲子,TWS_005,E
溪埔,TWS_006,E
嶺口,TWS_009,E
溪州（臺灣製糖）,TWS_012,E
旗山,TWS_016,E
旗尾,TWS_018,E
中坛,TWS_019,E
牛埔,TWS_020,E
美濃,TWS_021,E
竹頭角,TWS_023,E
大樹,TWS_004,E
龍目,TWS_003,E
九曲堂（臺灣製糖）,TWS_001,E
林子邊,SHS_009,E
潭頭,SHS_008,E
赤崁,SHS_007,E
潮州寮,SHS_006,E
大寮,SHS_005,E
會社,SHS_004,E
山子頂,SHS_003,E
電信所,SHS_002,E
西門,TWS_035,E
工場（鳳山・工場間）,TWS_036,E
工場（屏東・里港間）,TWS_025,E
北勢頭（臺灣製糖）,TWS_026,E
崇蘭,TWS_027,E
下冷水坑,TWS_028,E
九塊,TWS_029,E
大邱園,TWS_030,E
搭樓,TWS_031,E
里港,TWS_032,E
二重港,MJS_047,D
中洲（明治製糖）,MJS_046,D
學甲,MJS_045,D
佳里興,MJS_043,D
佳里,MJS_042,D
子良廟,MJS_041,D
麻豆,MJS_038,D
本社前,MJS_037,D
寮子廊,MJS_036,D
番子田（明治製糖）,MJS_034,D
布袋,ESS_025,D
前東港,ESS_024,D
義竹,ESS_022,D
安溪寮,ESS_023,D
岸內,ESS_021,D
鹽水,ESS_020,D
太子宮,ESS_018,D
工場前,ESS_017,D
新營（鹽水港製糖）,ESS_016,D
市場前,TKS_002,C
太平,TKS_003,C
車籠埔,TKS_004,C
番子寮,TKS_005,C
塗城,TKS_006,C
北溝,TKS_007,C
霧峰,TKS_008,C
六股,TKS_009,C
舊社,TKS_011,C
新庄,TKS_013,C
草屯,TKS_014,C
林子頭,TKS_015,C
營磐口,TKS_016,C
林庄,TKS_017,C
半山,TKS_018,C
南投（帝國製糖）,TKS_019,C
南投（明治製糖）,MJS_001,C
新街（明治製糖）,MJS_056,C
名間,MJS_055,C
二林,ESS_015,C
番子田（鹽水港製糖）,ESS_014,C
外蘆竹,ESS_013,C
竹塘,ESS_011,C
路口厝,ESS_009,C
溪州（鹽水港製糖）,ESS_008,C
北斗,ESS_006,C
田尾（鹽水港製糖）,ESS_005,C
鎮平,ESS_004,C
外三,ESS_003,C
田中（鹽水港製糖）,ESS_001,C
斗六（大日本製糖）,DNS_066,D
大崙（大日本製糖）,DNS_067,D
湳子,DNS_068,D
古坑,DNS_069,D
崁頭厝,DNS_070,D
大林（大日本製糖）,DNS_060,D
會社前,DNS_059,D
太湖,DNS_058,D
潭墘,DNS_057,D
大埔（大日本製糖）,DNS_055,D
小梅,DNS_054,D
排子路,DNS_061,D
頂坪,DNS_062,D
溪口（大日本製糖）,DNS_063,D
和美,DNS_037,C
柑子井,DNS_039,C
中寮（大日本製糖）,DNS_040,C
過溝子,DNS_043,C
彰化（大日本製糖）,DNS_044,C
莿桐脚,DNS_047,C
馬鳴山,DNS_049,C
崎溝子,DNS_051,C
鹿港（大日本製糖）,DNS_053,C
大甲（大日本製糖）,DNS_079,C
大甲東,DNS_077,C
馬鳴埔,DNS_076,C
磁磘,DNS_075,C
四塊厝,DNS_073,C
月眉（后里・大甲間）,DNS_350,C
發電所,DNS_072,C
后里（大日本製糖）,DNS_071,C
西螺,DNS_032,D
二崙,DNS_030,D
田尾（大日本製糖）,DNS_023,D
埒內,DNS_029,D
虎尾,DNS_014,D
大東,DNS_013,D
斗南（大日本製糖）,DNS_012,D
大屯,DNS_015,D
土庫,DNS_016,D
奮起,DNS_017,D
子茂,DNS_018,D
元長,DNS_019,D
龍岩,DNS_020,D
新街（大日本製糖）,DNS_021,D
北港（斗南・北港間）,DNS_220,D
板頭厝,DNS_093,D
新巷,DNS_065,D
菜公厝,DNS_092,D
牛斗山,DNS_091,D
北社尾,DNS_090,D
水虞厝,MJS_026,D
大溪厝,MJS_024,D
嘉義（大日本製糖）,DNS_088,D
嘉義（明治製糖）,MJS_023,D
過溝,MJS_027,D
溪南,MJS_028,D
田尾（明治製糖）,MJS_029,D
蒜頭,MJS_030,D
小槺榔,MJS_031,D
朴子,MJS_032,D
港墘,MJS_033,D
北港（嘉義・烏麻園間）,DNS_022,D
水林,DNS_095,D
萬興,DNS_096,D
蔡厝,DNS_098,D
烏麻園,DNS_099,D
線西,DNS_033,C
埤頭（臺灣製糖）,TWS_022,E
北勢（臺灣製糖）,TWS_015,E
武鹿,TWS_014,E
和尚,TWS_010,E
南岸,TWS_017,E
大山,TWS_013,E
磱碡坑,TWS_011,E
麻竹,TWS_007,E
統嶺坑,TWS_008,E
公館,TWS_002,E
十五張犁,DNS_034,C
月眉（線西・鹿港間）,DNS_035,C
竹圍子,DNS_038,C
茂盛厝,DNS_042,C
新庄子,DNS_041,C
前厝,DNS_052,C
下莿桐脚,DNS_048,C
平和厝,DNS_046,C
西門口,DNS_045,C
羅厝,DNS_024,D
崙背,DNS_025,D
五塊厝,DNS_007,D
大有,DNS_026,D
興化厝,DNS_027,D
麥寮,DNS_028,D
猫兒干,DNS_008,D
橋頭,DNS_010,D
三姓,DNS_011,D
施厝,DNS_009,D
大荖,DNS_001,D
永定厝,DNS_031,D
埔姜崙,DNS_003,D
馬公厝,DNS_002,D
東勢厝,DNS_004,D
五塊寮,DNS_005,D
海口,DNS_006,D
南門（鹽水港製糖）,ESS_019,D
中潭,ESS_002,C
大灣（鹽水港製糖）,ESS_010,C
鹿寮,ESS_012,C
鳳山（新興製糖）,SHS_001,E
鳳山（臺灣製糖）,TWS_034,E
屏東（臺灣製糖）,TWS_024,E
口庄,DNS_074,C
南門（大日本製糖）,DNS_080,C
橫圳,DNS_081,C
松子脚,DNS_082,C
脚踏,DNS_083,C
大安港,DNS_084,C
福興,DNS_085,C
中庄,DNS_086,C
東中庄,DNS_087,C
撻子灣,MJS_005,C
三塊厝（明治製糖）,MJS_002,C
千秋斗,MJS_003,C
竹子坑,MJS_004,C
東勢閣,MJS_006,C
中寮（明治製糖）,MJS_007,C
鄉親寮,MJS_008,C
豐原（臺中輕鐵）,TCK_001,C
翁子,TCK_002,C
埤頭（臺中輕鐵）,TCK_005,C
朴子口,TCK_004,C
半張,TCK_003,C
石岡,TCK_006,C
社寮角,TCK_007,C
梅子,TCK_008,C
土牛,TCK_010,C
學校裏,TCK_009,C
員林（明治製糖）,MJS_009,C
南員林,MJS_010,C
坡心,MJS_011,C
二重湳,MJS_012,C
巫厝,MJS_013,C
新溪湖,MJS_014,C
溪湖,MJS_015,C
北溪湖,MJS_016,C
頂寮,MJS_017,C
埔鹽,MJS_018,C
外中,MJS_020,C
番社,MJS_021,C
瓦磘,MJS_019,C
鹿港（明治製糖）,MJS_022,C
臺中（帝國製糖）,TKS_001,C
烏溪南岸,TKS_012,C
萬斗六,TKS_010,C
北勢（大日本製糖）,DNS_056,D
埤子頭,DNS_064,D
竹子脚,MJS_025,D
水上（明治製糖）,MJS_048,D
南靖,MJS_049,D
大崙（明治製糖）,MJS_051,D
頂過溝,MJS_050,D
後潭,MJS_052,D
太保,MJS_053,D
西庄,MJS_035,D
新麻豆,MJS_039,D
信號所,MJS_040,D
大灣（明治製糖）,MJS_044,D
竹圍（大日本製糖）,DNS_089,D
土間厝,DNS_094,D
埤尾,DNS_097,D
濁水（明治製糖）,MJS_054,C
北勢頭（大日本製糖）,DNS_036,C
北勢（鹽水港製糖）,ESS_007,C
三塊厝（大日本製糖）,DNS_050,C
山脚,DNS_078,C
里港乘降場,TWS_033,E
池南,TRD_305,G
